{"game_log": {"_type": "table-file", "sha256": "1c3f0603868f42ece12398dcbf0bd22dd068eadb9dbcc72ade94c9191a6ad09a", "size": 1639, "artifact_path": "wandb-client-artifact://nxgyjt7cs8m307dl11k0m84mqiz5d9quej7v2ljudniy6rkonx4utcpuu9d1jzs4frlvheyahdio2si28gqbrrlpqf3gncfrk34elbjj7l9e19ga1g6i85vqke0tw8z5:latest/game_log.table.json", "_latest_artifact_path": "wandb-client-artifact://nxgyjt7cs8m307dl11k0m84mqiz5d9quej7v2ljudniy6rkonx4utcpuu9d1jzs4frlvheyahdio2si28gqbrrlpqf3gncfrk34elbjj7l9e19ga1g6i85vqke0tw8z5:latest/game_log.table.json", "path": "media/table/game_log_99_1c3f0603868f42ece123.table.json", "ncols": 3, "nrows": 32}, "time/get_response": 147.92202854156494, "time/build_input_sentiment": 0.006005764007568359, "time/get_sentiment_preds": 148.39434933662415, "time/optimization": 4.132052183151245, "time/epoch": 300.4554376602173, "env/reward_mean": -0.03125, "env/reward_std": 0.6467972993850708, "env/reward_dist": [1.0, 0.0, 0.0, -1.0, 1.0, 0.0, -1.0, 1.0, 1.0, 0.0, 1.0, -1.0, 0.0, 0.0, 0.0, 0.0, 0.0, 0.0, 0.0, -1.0, 0.0, 0.0, 1.0, 0.0, 0.0, -1.0, -1.0, 0.0, -1.0, 0.0, 0.0, 0.0], "env/reward_false": -0.4117647111415863, "env/reward_true": 0.4000000059604645, "_timestamp": 1666823224.0332792, "_runtime": 30230.228627204895, "_step": 99, "parameters/graph_2transformer.wpe.weight": {"_type": "histogram", "values": [51.0, 53.0, 41.0, 78.0, 130.0, 279.0, 254.0, 308.0, 376.0, 513.0, 579.0, 706.0, 708.0, 727.0, 874.0, 757.0, 898.0, 980.0, 1092.0, 1051.0, 1119.0, 1237.0, 1455.0, 1628.0, 1849.0, 2256.0, 2786.0, 3386.0, 4485.0, 11834.0, 549380.0, 152869.0, 9077.0, 3552.0, 2847.0, 2419.0, 2120.0, 1758.0, 1688.0, 1420.0, 1397.0, 1312.0, 1133.0, 1075.0, 846.0, 836.0, 766.0, 680.0, 609.0, 556.0, 533.0, 465.0, 366.0, 303.0, 314.0, 272.0, 234.0, 163.0, 128.0, 57.0, 46.0, 38.0, 35.0, 40.0], "bins": [-1.196022868156433, -1.1573268175125122, -1.1186307668685913, -1.07993483543396, -1.041238784790039, -1.0025427341461182, -0.9638466835021973, -0.9251506328582764, -0.8864546418190002, -0.8477585911750793, -0.8090626001358032, -0.7703665494918823, -0.7316704988479614, -0.6929745078086853, -0.6542784571647644, -0.6155824661254883, -0.5768864154815674, -0.5381903648376465, -0.49949437379837036, -0.46079832315444946, -0.42210230231285095, -0.38340628147125244, -0.34471023082733154, -0.30601420998573303, -0.2673181891441345, -0.228622168302536, -0.1899261325597763, -0.1512300968170166, -0.11253407597541809, -0.07383805513381958, -0.035142019391059875, 0.003554016351699829, 0.04224991798400879, 0.0809459462761879, 0.119641974568367, 0.1583380103111267, 0.19703403115272522, 0.23573005199432373, 0.27442610263824463, 0.31312212347984314, 0.35181814432144165, 0.39051416516304016, 0.42921018600463867, 0.46790623664855957, 0.5066022872924805, 0.5452982783317566, 0.5839943289756775, 0.6226903200149536, 0.6613863706588745, 0.7000824213027954, 0.7387784123420715, 0.7774744629859924, 0.8161704540252686, 0.8548665046691895, 0.8935625553131104, 0.9322586059570312, 0.9709545969963074, 1.0096505880355835, 1.0483466386795044, 1.0870426893234253, 1.1257387399673462, 1.1644346714019775, 1.2031307220458984, 1.2418267726898193, 1.2805228233337402]}, "gradients/graph_2transformer.wpe.weight": {"_type": "histogram", "values": [0.0, 0.0, 0.0, 0.0, 0.0, 0.0, 0.0, 0.0, 0.0, 0.0, 0.0, 0.0, 0.0, 0.0, 0.0, 0.0, 0.0, 0.0, 0.0, 0.0, 0.0, 0.0, 0.0, 0.0, 0.0, 0.0, 0.0, 0.0, 0.0, 0.0, 0.0, 0.0, 781824.0, 0.0, 0.0, 0.0, 0.0, 0.0, 0.0, 0.0, 0.0, 0.0, 0.0, 0.0, 0.0, 0.0, 0.0, 0.0, 0.0, 0.0, 0.0, 0.0, 0.0, 0.0, 0.0, 0.0, 0.0, 0.0, 0.0, 0.0, 0.0, 0.0, 0.0, 0.0], "bins": [0.0, 0.0, 0.0, 0.0, 0.0, 0.0, 0.0, 0.0, 0.0, 0.0, 0.0, 0.0, 0.0, 0.0, 0.0, 0.0, 0.0, 0.0, 0.0, 0.0, 0.0, 0.0, 0.0, 0.0, 0.0, 0.0, 0.0, 0.0, 0.0, 0.0, 0.0, 0.0, 0.0, 0.0, 0.0, 0.0, 0.0, 0.0, 0.0, 0.0, 0.0, 0.0, 0.0, 0.0, 0.0, 0.0, 0.0, 0.0, 0.0, 0.0, 0.0, 0.0, 0.0, 0.0, 0.0, 0.0, 0.0, 0.0, 0.0, 0.0, 0.0, 0.0, 0.0, 0.0, 0.0]}}