{"game_log": {"_type": "table-file", "sha256": "37cc8d958827c3a3ce7477577f1cee2b66df2803a870ce0b6af33b90409ea240", "size": 1167, "artifact_path": "wandb-client-artifact://5a1g7p4rdvqawikgvqdfbkcnl433qv4byi96wm6gqx3tc65wu41v3i8e3l0ps1csb0wcm19exvinw9q5b338t500jbyjwdra1nmqw9qrkk3pqkyntgxf6uj32m4h9nvf:latest/game_log.table.json", "_latest_artifact_path": "wandb-client-artifact://5a1g7p4rdvqawikgvqdfbkcnl433qv4byi96wm6gqx3tc65wu41v3i8e3l0ps1csb0wcm19exvinw9q5b338t500jbyjwdra1nmqw9qrkk3pqkyntgxf6uj32m4h9nvf:latest/game_log.table.json", "path": "media/table/game_log_77_37cc8d958827c3a3ce74.table.json", "ncols": 3, "nrows": 32}, "time/get_response": 1.0216412544250488, "time/build_input_sentiment": 0.004930973052978516, "time/get_sentiment_preds": 0.06918454170227051, "time/optimization": 4.541186332702637, "time/epoch": 5.636943101882935, "env/reward_mean": 0.0, "env/reward_std": 0.5080004930496216, "env/reward_dist": [1.0, 0.0, 0.0, 0.0, 0.0, 0.0, 0.0, -1.0, 0.0, 0.0, -1.0, 0.0, -1.0, 0.0, 0.0, 0.0, 1.0, 0.0, 0.0, 0.0, 0.0, 0.0, 0.0, -1.0, 1.0, 0.0, 0.0, 0.0, 1.0, 0.0, 0.0, 0.0], "env/reward_false": -0.2666666805744171, "env/reward_true": 0.23529411852359772, "_timestamp": 1666769714.1690495, "_runtime": 3231.217262506485, "_step": 78, "parameters/graph_1transformer.wpe.weight": {"_type": "histogram", "values": [50.0, 54.0, 42.0, 75.0, 127.0, 282.0, 257.0, 306.0, 376.0, 507.0, 578.0, 706.0, 711.0, 728.0, 861.0, 761.0, 898.0, 972.0, 1092.0, 1053.0, 1115.0, 1241.0, 1448.0, 1637.0, 1839.0, 2265.0, 2796.0, 3364.0, 4502.0, 11867.0, 522438.0, 179632.0, 9184.0, 3585.0, 2850.0, 2440.0, 2113.0, 1764.0, 1677.0, 1433.0, 1379.0, 1312.0, 1159.0, 1060.0, 839.0, 853.0, 759.0, 677.0, 619.0, 552.0, 520.0, 472.0, 370.0, 301.0, 309.0, 278.0, 234.0, 165.0, 126.0, 57.0, 42.0, 38.0, 37.0, 40.0], "bins": [-1.196723222732544, -1.1580125093460083, -1.1193017959594727, -1.0805909633636475, -1.0418802499771118, -1.0031695365905762, -0.9644588232040405, -0.9257481098175049, -0.8870373964309692, -0.8483266830444336, -0.8096159100532532, -0.7709051966667175, -0.7321944832801819, -0.6934837102890015, -0.6547729969024658, -0.6160622835159302, -0.5773515105247498, -0.5386407971382141, -0.4999300539493561, -0.46121931076049805, -0.4225085973739624, -0.38379785418510437, -0.34508711099624634, -0.3063763976097107, -0.2676656246185303, -0.22895489633083344, -0.1902441680431366, -0.15153342485427856, -0.11282269656658173, -0.07411196827888489, -0.035401225090026855, 0.003309488296508789, 0.042020201683044434, 0.08073092997074127, 0.11944166570901871, 0.15815240144729614, 0.19686312973499298, 0.23557385802268982, 0.27428460121154785, 0.3129953145980835, 0.35170602798461914, 0.3904167711734772, 0.4291274845600128, 0.46783822774887085, 0.5065489411354065, 0.5452597141265869, 0.5839704275131226, 0.6226811408996582, 0.6613919138908386, 0.7001026272773743, 0.7388134002685547, 0.7775241136550903, 0.816234827041626, 0.8549455404281616, 0.893656313419342, 0.9323670268058777, 0.9710777997970581, 1.0097885131835938, 1.0484992265701294, 1.087209939956665, 1.1259207725524902, 1.1646314859390259, 1.2033421993255615, 1.2420529127120972, 1.2807636260986328]}, "gradients/graph_1transformer.wpe.weight": {"_type": "histogram", "values": [0.0, 0.0, 0.0, 0.0, 0.0, 0.0, 0.0, 0.0, 0.0, 0.0, 0.0, 0.0, 0.0, 0.0, 0.0, 0.0, 0.0, 0.0, 0.0, 0.0, 0.0, 0.0, 0.0, 0.0, 0.0, 0.0, 0.0, 0.0, 0.0, 0.0, 0.0, 0.0, 781824.0, 0.0, 0.0, 0.0, 0.0, 0.0, 0.0, 0.0, 0.0, 0.0, 0.0, 0.0, 0.0, 0.0, 0.0, 0.0, 0.0, 0.0, 0.0, 0.0, 0.0, 0.0, 0.0, 0.0, 0.0, 0.0, 0.0, 0.0, 0.0, 0.0, 0.0, 0.0], "bins": [0.0, 0.0, 0.0, 0.0, 0.0, 0.0, 0.0, 0.0, 0.0, 0.0, 0.0, 0.0, 0.0, 0.0, 0.0, 0.0, 0.0, 0.0, 0.0, 0.0, 0.0, 0.0, 0.0, 0.0, 0.0, 0.0, 0.0, 0.0, 0.0, 0.0, 0.0, 0.0, 0.0, 0.0, 0.0, 0.0, 0.0, 0.0, 0.0, 0.0, 0.0, 0.0, 0.0, 0.0, 0.0, 0.0, 0.0, 0.0, 0.0, 0.0, 0.0, 0.0, 0.0, 0.0, 0.0, 0.0, 0.0, 0.0, 0.0, 0.0, 0.0, 0.0, 0.0, 0.0, 0.0]}, "_wandb": {"runtime": 69725}}